areaCode,areaName,areaType,date,cumAdmissions,cumCasesByPublishDate,cumCasesByPublishDateRate,cumDeaths28DaysByDeathDate,cumDeaths28DaysByDeathDateRate
E92000001,England,nation,2021-10-12,,7000356,12379.0,,
E92000001,England,nation,2021-10-11,,6967915,12321.7,120552,213.2
E92000001,England,nation,2021-10-10,473270,6936327,12265.8,120531,213.1
E92000001,England,nation,2021-10-09,472664,6906211,12212.5,120493,213.1
E92000001,England,nation,2021-10-08,472051,6876192,12159.5,120443,213.0
E92000001,England,nation,2021-10-07,471432,6845186,12104.6,120381,212.9
E92000001,England,nation,2021-10-06,470798,6812848,12047.4,120305,212.7
E92000001,England,nation,2021-10-05,470166,6780567,11990.4,120238,212.6
E92000001,England,nation,2021-10-04,469508,6752536,11940.8,120163,212.5
E92000001,England,nation,2021-10-03,468881,6725105,11892.3,120086,212.4
E92000001,England,nation,2021-10-02,468304,6700702,11849.1,120014,212.2
E92000001,England,nation,2021-10-01,467755,6674820,11803.4,119944,212.1
E92000001,England,nation,2021-09-30,467235,6646963,11754.1,119852,211.9
E92000001,England,nation,2021-09-29,466683,6617892,11702.7,119773,211.8
E92000001,England,nation,2021-09-28,466058,6590514,11654.3,119693,211.7
E92000001,England,nation,2021-09-27,465462,6561706,11603.3,119616,211.5
E92000001,England,nation,2021-09-26,464845,6532847,11552.3,119539,211.4
E92000001,England,nation,2021-09-25,464310,6507849,11508.1,119472,211.3
E92000001,England,nation,2021-09-24,463790,6481363,11461.3,119381,211.1
E92000001,England,nation,2021-09-23,463233,6453164,11411.4,119290,210.9
E92000001,England,nation,2021-09-22,462656,6425056,11361.7,119188,210.8
E92000001,England,nation,2021-09-21,462084,6398633,11315.0,119090,210.6
E92000001,England,nation,2021-09-20,461482,6374123,11271.6,118997,210.4
E92000001,England,nation,2021-09-19,460876,6347616,11224.8,118896,210.2
E92000001,England,nation,2021-09-18,460304,6326046,11186.6,118806,210.1
E92000001,England,nation,2021-09-17,459744,6303792,11147.3,118714,209.9
E92000001,England,nation,2021-09-16,459204,6281236,11107.4,118592,209.7
E92000001,England,nation,2021-09-15,458532,6258872,11067.8,118479,209.5
E92000001,England,nation,2021-09-14,457841,6237505,11030.0,118378,209.3
E92000001,England,nation,2021-09-13,457140,6218198,10995.9,118260,209.1
E92000001,England,nation,2021-09-12,456452,6197654,10959.6,118188,209.0
E92000001,England,nation,2021-09-11,455794,6178293,10925.3,118086,208.8
E92000001,England,nation,2021-09-10,455145,6155149,10884.4,117983,208.6
E92000001,England,nation,2021-09-09,454465,6129372,10838.8,117875,208.4
E92000001,England,nation,2021-09-08,453675,6102850,10791.9,117747,208.2
E92000001,England,nation,2021-09-07,452775,6074040,10741.0,117634,208.0
E92000001,England,nation,2021-09-06,451974,6046799,10692.8,117510,207.8
E92000001,England,nation,2021-09-05,451143,6019976,10645.4,117390,207.6
E92000001,England,nation,2021-09-04,450452,5993444,10598.5,117276,207.4
E92000001,England,nation,2021-09-03,449700,5964760,10547.7,117166,207.2
E92000001,England,nation,2021-09-02,449012,5933034,10491.6,117041,207.0
E92000001,England,nation,2021-09-01,448224,5904664,10441.5,116942,206.8
E92000001,England,nation,2021-08-31,447389,5880134,10398.1,116848,206.6
E92000001,England,nation,2021-08-30,446591,5859405,10361.4,116754,206.5
E92000001,England,nation,2021-08-29,445783,5838323,10324.2,116664,206.3
E92000001,England,nation,2021-08-28,445082,5816071,10284.8,116558,206.1
E92000001,England,nation,2021-08-27,444394,5791272,10241.0,116457,205.9
E92000001,England,nation,2021-08-26,443645,5764066,10192.8,116351,205.7
E92000001,England,nation,2021-08-25,442868,5734967,10141.4,116247,205.6
E92000001,England,nation,2021-08-24,442025,5707906,10093.5,116160,205.4
E92000001,England,nation,2021-08-23,441207,5684645,10052.4,116057,205.2
E92000001,England,nation,2021-08-22,440376,5660725,10010.1,115962,205.1
E92000001,England,nation,2021-08-21,439650,5635046,9964.7,115861,204.9
E92000001,England,nation,2021-08-20,438893,5608339,9917.5,115774,204.7
E92000001,England,nation,2021-08-19,438160,5579087,9865.7,115673,204.5
E92000001,England,nation,2021-08-18,437336,5549621,9813.6,115582,204.4
E92000001,England,nation,2021-08-17,436541,5521231,9763.4,115504,204.3
E92000001,England,nation,2021-08-16,435709,5498742,9723.7,115410,204.1
E92000001,England,nation,2021-08-15,434933,5475833,9683.1,115339,204.0
E92000001,England,nation,2021-08-14,434214,5453294,9643.3,115268,203.8
E92000001,England,nation,2021-08-13,433525,5426971,9596.7,115189,203.7
E92000001,England,nation,2021-08-12,432831,5398629,9546.6,115102,203.5
E92000001,England,nation,2021-08-11,432073,5370904,9497.6,115011,203.4
E92000001,England,nation,2021-08-10,431326,5344609,9451.1,114932,203.2
E92000001,England,nation,2021-08-09,430566,5324191,9415.0,114863,203.1
E92000001,England,nation,2021-08-08,429901,5302555,9376.7,114795,203.0
E92000001,England,nation,2021-08-07,429250,5278675,9334.5,114730,202.9
E92000001,England,nation,2021-08-06,428620,5253181,9289.4,114645,202.7
E92000001,England,nation,2021-08-05,427963,5225224,9240.0,114566,202.6
E92000001,England,nation,2021-08-04,427270,5199102,9193.8,114479,202.4
E92000001,England,nation,2021-08-03,426523,5173082,9147.8,114409,202.3
E92000001,England,nation,2021-08-02,425843,5154292,9114.6,114343,202.2
E92000001,England,nation,2021-08-01,425157,5135378,9081.1,114277,202.1
E92000001,England,nation,2021-07-31,424512,5114064,9043.4,114204,202.0
E92000001,England,nation,2021-07-30,423919,5090505,9001.8,114128,201.8
E92000001,England,nation,2021-07-29,423269,5064671,8956.1,114035,201.7
E92000001,England,nation,2021-07-28,422511,5037630,8908.3,113971,201.5
E92000001,England,nation,2021-07-27,421783,5013664,8865.9,113901,201.4
E92000001,England,nation,2021-07-26,420967,4993657,8830.5,113841,201.3
E92000001,England,nation,2021-07-25,420137,4972040,8792.3,113776,201.2
E92000001,England,nation,2021-07-24,419301,4947127,8748.2,113713,201.1
E92000001,England,nation,2021-07-23,418567,4918669,8697.9,113650,201.0
E92000001,England,nation,2021-07-22,417842,4886612,8641.2,113580,200.8
E92000001,England,nation,2021-07-21,417015,4851264,8578.7,113516,200.7
E92000001,England,nation,2021-07-20,416232,4812460,8510.1,113472,200.7
E92000001,England,nation,2021-07-19,415427,4769632,8434.3,113423,200.6
E92000001,England,nation,2021-07-18,414675,4735387,8373.8,113352,200.4
E92000001,England,nation,2021-07-17,413977,4691172,8295.6,113296,200.3
E92000001,England,nation,2021-07-16,413355,4640922,8206.7,113252,200.3
E92000001,England,nation,2021-07-15,412762,4594159,8124.0,113213,200.2
E92000001,England,nation,2021-07-14,412104,4550298,8046.5,113169,200.1
E92000001,England,nation,2021-07-13,411468,4512957,7980.5,113137,200.1
E92000001,England,nation,2021-07-12,410847,4480518,7923.1,113099,200.0
E92000001,England,nation,2021-07-11,410237,4450372,7869.8,113067,199.9
E92000001,England,nation,2021-07-10,409735,4422370,7820.3,113042,199.9
E92000001,England,nation,2021-07-09,409293,4393205,7768.7,113010,199.8
E92000001,England,nation,2021-07-08,408842,4362481,7714.4,112972,199.8
E92000001,England,nation,2021-07-07,408354,4334634,7665.1,112946,199.7
E92000001,England,nation,2021-07-06,407893,4307618,7617.3,112923,199.7
E92000001,England,nation,2021-07-05,407435,4282762,7573.4,112904,199.7
E92000001,England,nation,2021-07-04,407019,4259710,7532.6,112881,199.6
E92000001,England,nation,2021-07-03,406629,4239686,7497.2,112859,199.6
E92000001,England,nation,2021-07-02,406306,4218807,7460.3,112836,199.5
E92000001,England,nation,2021-07-01,405999,4196833,7421.4,112812,199.5
E92000001,England,nation,2021-06-30,405704,4174318,7381.6,112794,199.5
E92000001,England,nation,2021-06-29,405373,4153487,7344.8,112774,199.4
E92000001,England,nation,2021-06-28,405090,4136940,7315.5,112755,199.4
E92000001,England,nation,2021-06-27,404846,4118462,7282.9,112746,199.4
E92000001,England,nation,2021-06-26,404620,4107155,7262.9,112729,199.3
E92000001,England,nation,2021-06-25,404397,4092346,7236.7,112720,199.3
E92000001,England,nation,2021-06-24,404191,4079362,7213.7,112701,199.3
E92000001,England,nation,2021-06-23,403997,4066294,7190.6,112682,199.3
E92000001,England,nation,2021-06-22,403783,4053782,7168.5,112677,199.3
E92000001,England,nation,2021-06-21,403601,4044830,7152.6,112668,199.2
E92000001,England,nation,2021-06-20,403420,4036230,7137.4,112655,199.2
E92000001,England,nation,2021-06-19,403249,4028664,7124.1,112635,199.2
E92000001,England,nation,2021-06-18,403071,4019956,7108.7,112617,199.1
E92000001,England,nation,2021-06-17,402886,4010977,7092.8,112607,199.1
E92000001,England,nation,2021-06-16,402684,4001803,7076.6,112602,199.1
E92000001,England,nation,2021-06-15,402507,3994408,7063.5,112592,199.1
E92000001,England,nation,2021-06-14,402319,3988008,7052.2,112579,199.1
E92000001,England,nation,2021-06-13,402134,3981497,7040.6,112571,199.1
E92000001,England,nation,2021-06-12,401947,3975399,7029.9,112564,199.1
E92000001,England,nation,2021-06-11,401810,3968986,7018.5,112551,199.0
E92000001,England,nation,2021-06-10,401666,3962371,7006.8,112545,199.0
E92000001,England,nation,2021-06-09,401504,3956096,6995.7,112536,199.0
E92000001,England,nation,2021-06-08,401346,3950123,6985.2,112532,199.0
E92000001,England,nation,2021-06-07,401199,3944955,6976.0,112525,199.0
E92000001,England,nation,2021-06-06,401068,3940141,6967.5,112521,199.0
E92000001,England,nation,2021-06-05,400947,3935854,6959.9,112516,199.0
E92000001,England,nation,2021-06-04,400851,3931158,6951.6,112512,199.0
E92000001,England,nation,2021-06-03,400755,3926154,6942.8,112504,198.9
E92000001,England,nation,2021-06-02,400662,3921939,6935.3,112494,198.9
E92000001,England,nation,2021-06-01,400561,3918522,6929.3,112485,198.9
E92000001,England,nation,2021-05-31,400446,3916049,6924.9,112482,198.9
E92000001,England,nation,2021-05-30,400348,3913295,6920.0,112475,198.9
E92000001,England,nation,2021-05-29,400268,3910803,6915.6,112468,198.9
E92000001,England,nation,2021-05-28,400199,3908214,6911.1,112463,198.9
E92000001,England,nation,2021-05-27,400107,3904934,6905.3,112457,198.9
E92000001,England,nation,2021-05-26,400024,3902160,6900.4,112450,198.9
E92000001,England,nation,2021-05-25,399929,3899813,6896.2,112440,198.8
E92000001,England,nation,2021-05-24,399841,3897815,6892.7,112437,198.8
E92000001,England,nation,2021-05-23,399743,3895920,6889.3,112429,198.8
E92000001,England,nation,2021-05-22,399666,3894329,6886.5,112423,198.8
E92000001,England,nation,2021-05-21,399591,3892258,6882.8,112420,198.8
E92000001,England,nation,2021-05-20,399506,3890081,6879.0,112413,198.8
E92000001,England,nation,2021-05-19,399408,3887954,6875.2,112408,198.8
E92000001,England,nation,2021-05-18,399315,3886364,6872.4,112405,198.8
E92000001,England,nation,2021-05-17,399225,3889132,6877.3,112402,198.8
E92000001,England,nation,2021-05-16,399151,3887487,6874.4,112397,198.8
E92000001,England,nation,2021-05-15,399092,3886016,6871.8,112391,198.7
E92000001,England,nation,2021-05-14,399022,3884402,6869.0,112384,198.7
E92000001,England,nation,2021-05-13,398950,3882574,6865.7,112381,198.7
E92000001,England,nation,2021-05-12,398876,3880345,6861.8,112377,198.7
E92000001,England,nation,2021-05-11,398783,3878541,6858.6,112368,198.7
E92000001,England,nation,2021-05-10,398704,3876424,6854.8,112355,198.7
E92000001,England,nation,2021-05-09,398628,3874415,6851.3,112347,198.7
E92000001,England,nation,2021-05-08,398552,3872997,6848.8,112339,198.7
E92000001,England,nation,2021-05-07,398472,3871255,6845.7,112331,198.6
E92000001,England,nation,2021-05-06,398395,3869113,6841.9,112323,198.6
E92000001,England,nation,2021-05-05,398307,3866919,6838.0,112316,198.6
E92000001,England,nation,2021-05-04,398211,3865013,6834.7,112304,198.6
E92000001,England,nation,2021-05-03,398135,3863354,6831.7,112295,198.6
E92000001,England,nation,2021-05-02,398037,3861901,6829.2,112287,198.6
E92000001,England,nation,2021-05-01,397945,3860524,6826.7,112277,198.5
E92000001,England,nation,2021-04-30,397877,3858882,6823.8,112270,198.5
E92000001,England,nation,2021-04-29,397795,3856836,6820.2,112262,198.5
E92000001,England,nation,2021-04-28,397715,3854733,6816.5,112251,198.5
E92000001,England,nation,2021-04-27,397626,3852904,6813.3,112238,198.5
E92000001,England,nation,2021-04-26,397498,3850494,6809.0,112228,198.5
E92000001,England,nation,2021-04-25,397390,3848742,6805.9,112219,198.4
E92000001,England,nation,2021-04-24,397283,3847341,6803.4,112207,198.4
E92000001,England,nation,2021-04-23,397184,3845537,6800.2,112200,198.4
E92000001,England,nation,2021-04-22,397060,3843260,6796.2,112183,198.4
E92000001,England,nation,2021-04-21,396968,3840945,6792.1,112169,198.4
E92000001,England,nation,2021-04-20,396842,3839002,6788.7,112152,198.3
E92000001,England,nation,2021-04-19,396744,3836833,6784.8,112135,198.3
E92000001,England,nation,2021-04-18,396606,3834283,6780.3,112119,198.3
E92000001,England,nation,2021-04-17,396494,3832788,6777.7,112104,198.2
E92000001,England,nation,2021-04-16,396359,3830891,6774.3,112086,198.2
E92000001,England,nation,2021-04-15,396241,3828666,6770.4,112071,198.2
E92000001,England,nation,2021-04-14,396114,3826495,6766.6,112054,198.1
E92000001,England,nation,2021-04-13,395958,3824441,6762.9,112045,198.1
E92000001,England,nation,2021-04-12,395805,3822371,6759.3,112026,198.1
E92000001,England,nation,2021-04-11,395632,3819149,6753.6,112001,198.1
E92000001,England,nation,2021-04-10,395457,3817811,6751.2,111982,198.0
E92000001,England,nation,2021-04-09,395306,3815779,6747.6,111964,198.0
E92000001,England,nation,2021-04-08,395139,3821151,6757.1,111947,198.0
E92000001,England,nation,2021-04-07,394972,3818665,6752.7,111916,197.9
E92000001,England,nation,2021-04-06,394783,3816361,6748.6,111891,197.9
E92000001,England,nation,2021-04-05,394600,3814424,6745.2,111868,197.8
E92000001,England,nation,2021-04-04,394412,3812188,6741.3,111858,197.8
E92000001,England,nation,2021-04-03,394256,3810234,6737.8,111834,197.8
E92000001,England,nation,2021-04-02,394077,3807387,6732.8,111807,197.7
E92000001,England,nation,2021-04-01,393899,3804506,6727.7,111788,197.7
E92000001,England,nation,2021-03-31,393719,3800722,6721.0,111760,197.6
E92000001,England,nation,2021-03-30,393494,3797395,6715.1,111723,197.6
E92000001,England,nation,2021-03-29,393277,3794011,6709.1,111685,197.5
E92000001,England,nation,2021-03-28,393071,3789899,6701.8,111659,197.5
E92000001,England,nation,2021-03-27,392850,3786746,6696.3,111632,197.4
E92000001,England,nation,2021-03-26,392633,3783783,6691.0,111603,197.4
E92000001,England,nation,2021-03-25,392388,3778510,6681.7,111562,197.3
E92000001,England,nation,2021-03-24,392100,3773224,6672.4,111525,197.2
E92000001,England,nation,2021-03-23,391823,3768609,6664.2,111491,197.2
E92000001,England,nation,2021-03-22,391528,3764026,6656.1,111445,197.1
E92000001,England,nation,2021-03-21,391234,3759280,6647.7,111388,197.0
E92000001,England,nation,2021-03-20,390955,3754821,6639.8,111318,196.8
E92000001,England,nation,2021-03-19,390668,3750089,6631.4,111259,196.7
E92000001,England,nation,2021-03-18,390385,3746280,6624.7,111203,196.6
E92000001,England,nation,2021-03-17,390034,3741067,6615.5,111152,196.6
E92000001,England,nation,2021-03-16,389691,3736240,6607.0,111087,196.4
E92000001,England,nation,2021-03-15,389327,3731849,6599.2,111021,196.3
E92000001,England,nation,2021-03-14,388896,3727585,6591.6,110937,196.2
E92000001,England,nation,2021-03-13,388539,3723811,6585.0,110858,196.0
E92000001,England,nation,2021-03-12,388154,3719272,6576.9,110759,195.9
E92000001,England,nation,2021-03-11,387768,3713743,6567.2,110678,195.7
E92000001,England,nation,2021-03-10,387319,3707999,6557.0,110571,195.5
E92000001,England,nation,2021-03-09,386825,3703136,6548.4,110474,195.4
E92000001,England,nation,2021-03-08,386342,3698242,6539.8,110361,195.2
E92000001,England,nation,2021-03-07,385841,3694339,6532.9,110240,194.9
E92000001,England,nation,2021-03-06,385380,3689842,6524.9,110127,194.7
E92000001,England,nation,2021-03-05,384852,3684724,6515.9,109998,194.5
E92000001,England,nation,2021-03-04,384365,3679671,6506.9,109842,194.2
E92000001,England,nation,2021-03-03,383769,3674028,6496.9,109713,194.0
E92000001,England,nation,2021-03-02,383162,3668620,6487.4,109587,193.8
E92000001,England,nation,2021-03-01,382479,3663090,6477.6,109432,193.5
E92000001,England,nation,2021-02-28,381775,3658352,6469.2,109239,193.2
E92000001,England,nation,2021-02-27,381113,3653272,6460.2,109041,192.8
E92000001,England,nation,2021-02-26,380489,3646745,6448.7,108845,192.5
E92000001,England,nation,2021-02-25,379771,3639352,6435.6,108651,192.1
E92000001,England,nation,2021-02-24,378939,3630729,6420.4,108430,191.7
E92000001,England,nation,2021-02-23,378065,3622085,6405.1,108190,191.3
E92000001,England,nation,2021-02-22,377089,3614793,6392.2,107935,190.9
E92000001,England,nation,2021-02-21,376109,3605373,6375.5,107694,190.4
E92000001,England,nation,2021-02-20,375100,3596965,6360.7,107409,189.9
E92000001,England,nation,2021-02-19,374196,3588001,6344.8,107107,189.4
E92000001,England,nation,2021-02-18,373128,3577705,6326.6,106791,188.8
E92000001,England,nation,2021-02-17,371979,3566965,6307.6,106427,188.2
E92000001,England,nation,2021-02-16,370746,3556039,6288.3,106043,187.5
E92000001,England,nation,2021-02-15,369435,3546803,6272.0,105648,186.8
E92000001,England,nation,2021-02-14,368113,3538194,6256.7,105187,186.0
E92000001,England,nation,2021-02-13,366749,3528695,6239.9,104752,185.2
E92000001,England,nation,2021-02-12,365509,3516998,6219.3,104321,184.5
E92000001,England,nation,2021-02-11,364191,3503699,6195.7,103869,183.7
E92000001,England,nation,2021-02-10,362751,3491698,6174.5,103361,182.8
E92000001,England,nation,2021-02-09,361216,3480147,6154.1,102819,181.8
E92000001,England,nation,2021-02-08,359685,3469231,6134.8,102282,180.9
E92000001,England,nation,2021-02-07,357946,3456961,6113.1,101670,179.8
E92000001,England,nation,2021-02-06,356271,3442495,6087.5,101103,178.8
E92000001,England,nation,2021-02-05,354592,3426193,6058.7,100495,177.7
E92000001,England,nation,2021-02-04,352835,3408879,6028.1,99819,176.5
E92000001,England,nation,2021-02-03,350928,3390350,5995.3,99172,175.4
E92000001,England,nation,2021-02-02,348832,3373085,5964.8,98395,174.0
E92000001,England,nation,2021-02-01,346610,3358064,5938.2,97636,172.7
E92000001,England,nation,2021-01-31,344263,3341249,5908.5,96832,171.2
E92000001,England,nation,2021-01-30,342080,3322195,5874.8,96022,169.8
E92000001,England,nation,2021-01-29,339887,3301106,5837.5,95190,168.3
E92000001,England,nation,2021-01-28,337508,3274397,5790.3,94247,166.7
E92000001,England,nation,2021-01-27,334789,3248215,5744.0,93232,164.9
E92000001,England,nation,2021-01-26,332047,3225301,5703.4,92224,163.1
E92000001,England,nation,2021-01-25,329248,3207381,5671.7,91264,161.4
E92000001,England,nation,2021-01-24,326600,3187232,5636.1,90194,159.5
E92000001,England,nation,2021-01-23,323776,3159652,5587.3,89154,157.7
E92000001,England,nation,2021-01-22,320996,3129156,5533.4,88096,155.8
E92000001,England,nation,2021-01-21,317980,3092041,5467.8,86972,153.8
E92000001,England,nation,2021-01-20,314743,3057670,5407.0,85839,151.8
E92000001,England,nation,2021-01-19,311064,3022609,5345.0,84666,149.7
E92000001,England,nation,2021-01-18,307296,2992238,5291.3,83422,147.5
E92000001,England,nation,2021-01-17,303585,2958104,5230.9,82255,145.5
E92000001,England,nation,2021-01-16,300161,2922841,5168.6,81086,143.4
E92000001,England,nation,2021-01-15,296592,2885082,5101.8,79916,141.3
E92000001,England,nation,2021-01-14,293297,2834341,5012.1,78815,139.4
E92000001,England,nation,2021-01-13,289619,2789983,4933.6,77726,137.4
E92000001,England,nation,2021-01-12,285779,2747085,4857.8,76625,135.5
E92000001,England,nation,2021-01-11,281645,2705964,4785.1,75533,133.6
E92000001,England,nation,2021-01-10,277751,2664129,4711.1,74529,131.8
E92000001,England,nation,2021-01-09,274180,2613838,4622.2,73549,130.1
E92000001,England,nation,2021-01-08,270462,2559581,4526.2,72623,128.4
E92000001,England,nation,2021-01-07,266913,2497824,4417.0,71734,126.9
E92000001,England,nation,2021-01-06,263064,2450983,4334.2,70846,125.3
E92000001,England,nation,2021-01-05,259097,2394923,4235.0,70022,123.8
E92000001,England,nation,2021-01-04,255400,2339983,4137.9,69202,122.4
E92000001,England,nation,2021-01-03,251813,2286803,4043.9,68449,121.0
E92000001,England,nation,2021-01-02,248462,2239950,3961.0,67797,119.9
E92000001,England,nation,2021-01-01,245317,2190702,3873.9,67127,118.7
E92000001,England,nation,2020-12-31,242307,2139956,3784.2,66485,117.6
E92000001,England,nation,2020-12-30,239771,2090446,3696.6,65833,116.4
E92000001,England,nation,2020-12-29,236910,2046892,3619.6,65207,115.3
E92000001,England,nation,2020-12-28,234024,1999728,3536.2,64629,114.3
E92000001,England,nation,2020-12-27,231229,1963217,3471.6,64039,113.2
E92000001,England,nation,2020-12-26,228657,1937598,3426.3,63464,112.2
E92000001,England,nation,2020-12-25,226359,1906291,3371.0,62897,111.2
E92000001,England,nation,2020-12-24,224407,1874731,3315.2,62360,110.3
E92000001,England,nation,2020-12-23,222612,1839170,3252.3,61874,109.4
E92000001,England,nation,2020-12-22,220632,1804923,3191.7,61393,108.6
E92000001,England,nation,2020-12-21,218429,1772635,3134.6,60904,107.7
E92000001,England,nation,2020-12-20,216314,1743893,3083.8,60408,106.8
E92000001,England,nation,2020-12-19,214338,1711738,3026.9,59978,106.1
E92000001,England,nation,2020-12-18,212526,1688963,2986.7,59566,105.3
E92000001,England,nation,2020-12-17,210854,1664511,2943.4,59133,104.6
E92000001,England,nation,2020-12-16,208981,1642110,2903.8,58693,103.8
E92000001,England,nation,2020-12-15,207185,1618678,2862.4,58338,103.2
E92000001,England,nation,2020-12-14,205455,1602174,2833.2,57950,102.5
E92000001,England,nation,2020-12-13,203709,1584292,2801.6,57538,101.7
E92000001,England,nation,2020-12-12,202128,1567128,2771.2,57173,101.1
E92000001,England,nation,2020-12-11,200541,1549660,2740.3,56799,100.4
E92000001,England,nation,2020-12-10,199091,1531761,2708.7,56401,99.7
E92000001,England,nation,2020-12-09,197567,1514139,2677.5,56023,99.1
E92000001,England,nation,2020-12-08,196017,1501179,2654.6,55649,98.4
E92000001,England,nation,2020-12-07,194489,1490720,2636.1,55274,97.7
E92000001,England,nation,2020-12-06,193023,1479097,2615.5,54920,97.1
E92000001,England,nation,2020-12-05,191712,1464803,2590.3,54565,96.5
E92000001,England,nation,2020-12-04,190526,1452137,2567.9,54221,95.9
E92000001,England,nation,2020-12-03,189278,1438725,2544.2,53809,95.2
E92000001,England,nation,2020-12-02,187941,1426733,2523.0,53404,94.4
E92000001,England,nation,2020-12-01,186679,1413410,2499.4,53068,93.8
E92000001,England,nation,2020-11-30,185408,1401792,2478.8,52722,93.2
E92000001,England,nation,2020-11-29,184192,1390923,2459.6,52360,92.6
E92000001,England,nation,2020-11-28,182977,1380869,2441.8,51957,91.9
E92000001,England,nation,2020-11-27,181912,1367546,2418.3,51574,91.2
E92000001,England,nation,2020-11-26,180857,1355272,2396.6,51210,90.6
E92000001,England,nation,2020-11-25,179659,1340635,2370.7,50838,89.9
E92000001,England,nation,2020-11-24,178244,1324742,2342.6,50413,89.1
E92000001,England,nation,2020-11-23,176967,1314888,2325.2,50007,88.4
E92000001,England,nation,2020-11-22,175582,1301559,2301.6,49607,87.7
E92000001,England,nation,2020-11-21,174249,1284891,2272.1,49201,87.0
E92000001,England,nation,2020-11-20,172994,1267276,2241.0,48804,86.3
E92000001,England,nation,2020-11-19,171678,1249431,2209.4,48414,85.6
E92000001,England,nation,2020-11-18,170194,1229140,2173.5,48017,84.9
E92000001,England,nation,2020-11-17,168623,1211951,2143.1,47582,84.1
E92000001,England,nation,2020-11-16,167132,1194402,2112.1,47218,83.5
E92000001,England,nation,2020-11-15,165572,1174979,2077.8,46860,82.9
E92000001,England,nation,2020-11-14,164105,1152981,2038.9,46478,82.2
E92000001,England,nation,2020-11-13,162717,1128683,1995.9,46120,81.6
E92000001,England,nation,2020-11-12,161284,1104143,1952.5,45763,80.9
E92000001,England,nation,2020-11-11,159618,1073300,1898.0,45412,80.3
E92000001,England,nation,2020-11-10,157907,1053330,1862.6,45100,79.8
E92000001,England,nation,2020-11-09,156315,1034708,1829.7,44781,79.2
E92000001,England,nation,2020-11-08,154764,1015672,1796.1,44380,78.5
E92000001,England,nation,2020-11-07,153276,997379,1763.7,44039,77.9
E92000001,England,nation,2020-11-06,151957,975504,1725.0,43706,77.3
E92000001,England,nation,2020-11-05,150775,955236,1689.2,43373,76.7
E92000001,England,nation,2020-11-04,149429,934099,1651.8,43072,76.2
E92000001,England,nation,2020-11-03,148047,912236,1613.1,42794,75.7
E92000001,England,nation,2020-11-02,146801,894906,1582.5,42503,75.2
E92000001,England,nation,2020-11-01,145470,879046,1554.5,42217,74.7
E92000001,England,nation,2020-10-31,144190,858444,1518.0,41931,74.1
E92000001,England,nation,2020-10-30,142950,839580,1484.7,41654,73.7
E92000001,England,nation,2020-10-29,141841,818759,1447.8,41373,73.2
E92000001,England,nation,2020-10-28,140496,799019,1412.9,41124,72.7
E92000001,England,nation,2020-10-27,139257,777774,1375.4,40886,72.3
E92000001,England,nation,2020-10-26,138067,758145,1340.7,40669,71.9
E92000001,England,nation,2020-10-25,136788,740262,1309.0,40446,71.5
E92000001,England,nation,2020-10-24,135602,723775,1279.9,40241,71.2
E92000001,England,nation,2020-10-23,134612,704443,1245.7,40071,70.9
E92000001,England,nation,2020-10-22,133615,687327,1215.4,39883,70.5
E92000001,England,nation,2020-10-21,132628,669973,1184.7,39696,70.2
E92000001,England,nation,2020-10-20,131631,647025,1144.2,39505,69.9
E92000001,England,nation,2020-10-19,130706,629211,1112.7,39334,69.6
E92000001,England,nation,2020-10-18,129845,612846,1083.7,39175,69.3
E92000001,England,nation,2020-10-17,128975,598142,1057.7,39055,69.1
E92000001,England,nation,2020-10-16,128190,584843,1034.2,38894,68.8
E92000001,England,nation,2020-10-15,127558,572667,1012.7,38772,68.6
E92000001,England,nation,2020-10-14,126766,556528,984.1,38648,68.3
E92000001,England,nation,2020-10-13,126060,540396,955.6,38547,68.2
E92000001,England,nation,2020-10-12,125296,526086,930.3,38460,68.0
E92000001,England,nation,2020-10-11,124632,514439,909.7,38364,67.8
E92000001,England,nation,2020-10-10,124004,504056,891.3,38261,67.7
E92000001,England,nation,2020-10-09,123489,491428,869.0,38171,67.5
E92000001,England,nation,2020-10-08,122945,480656,850.0,38104,67.4
E92000001,England,nation,2020-10-07,122432,465704,823.5,38028,67.2
E92000001,England,nation,2020-10-06,121941,454176,803.1,37947,67.1
E92000001,England,nation,2020-10-05,121417,441528,780.8,37885,67.0
E92000001,England,nation,2020-10-04,120945,430843,761.9,37826,66.9
E92000001,England,nation,2020-10-03,120467,409534,724.2,37772,66.8
E92000001,England,nation,2020-10-02,120081,398728,705.1,37717,66.7
E92000001,England,nation,2020-10-01,119710,393931,696.6,37653,66.6
E92000001,England,nation,2020-09-30,119342,388342,686.7,37598,66.5
E92000001,England,nation,2020-09-29,119014,382686,676.7,37550,66.4
E92000001,England,nation,2020-09-28,118704,377035,666.7,37507,66.3
E92000001,England,nation,2020-09-27,118396,373719,660.9,37460,66.2
E92000001,England,nation,2020-09-26,118155,368919,652.4,37418,66.2
E92000001,England,nation,2020-09-25,117910,364280,644.2,37383,66.1
E92000001,England,nation,2020-09-24,117636,358557,634.1,37354,66.1
E92000001,England,nation,2020-09-23,117348,352925,624.1,37321,66.0
E92000001,England,nation,2020-09-22,117034,347842,615.1,37269,65.9
E92000001,England,nation,2020-09-21,116766,343655,607.7,37235,65.8
E92000001,England,nation,2020-09-20,116491,339901,601.1,37211,65.8
E92000001,England,nation,2020-09-19,116254,336622,595.3,37183,65.8
E92000001,England,nation,2020-09-18,116050,332984,588.8,37165,65.7
E92000001,England,nation,2020-09-17,115845,329213,582.2,37144,65.7
E92000001,England,nation,2020-09-16,115646,326425,577.2,37120,65.6
E92000001,England,nation,2020-09-15,115463,323029,571.2,37098,65.6
E92000001,England,nation,2020-09-14,115269,320380,566.5,37083,65.6
E92000001,England,nation,2020-09-13,115097,318121,562.5,37066,65.5
E92000001,England,nation,2020-09-12,114944,315284,557.5,37052,65.5
E92000001,England,nation,2020-09-11,114801,312276,552.2,37034,65.5
E92000001,England,nation,2020-09-10,114666,309133,546.7,37024,65.5
E92000001,England,nation,2020-09-09,114523,306555,542.1,37012,65.4
E92000001,England,nation,2020-09-08,114387,304269,538.1,37003,65.4
E92000001,England,nation,2020-09-07,114288,302175,534.3,36994,65.4
E92000001,England,nation,2020-09-06,114204,299647,529.9,36981,65.4
E92000001,England,nation,2020-09-05,114119,297071,525.3,36973,65.4
E92000001,England,nation,2020-09-04,114025,295594,522.7,36961,65.4
E92000001,England,nation,2020-09-03,113958,293925,519.8,36955,65.3
E92000001,England,nation,2020-09-02,113889,292418,517.1,36949,65.3
E92000001,England,nation,2020-09-01,113810,291179,514.9,36941,65.3
E92000001,England,nation,2020-08-31,113752,290138,513.1,36939,65.3
E92000001,England,nation,2020-08-30,113700,288989,511.0,36932,65.3
E92000001,England,nation,2020-08-29,113662,287502,508.4,36926,65.3
E92000001,England,nation,2020-08-28,113610,286611,506.8,36921,65.3
E92000001,England,nation,2020-08-27,113566,285505,504.9,36913,65.3
E92000001,England,nation,2020-08-26,113497,284155,502.5,36905,65.3
E92000001,England,nation,2020-08-25,113445,283280,500.9,36894,65.2
E92000001,England,nation,2020-08-24,113385,282215,499.1,36883,65.2
E92000001,England,nation,2020-08-23,113344,281457,497.7,36878,65.2
E92000001,England,nation,2020-08-22,113300,280519,496.1,36865,65.2
E92000001,England,nation,2020-08-21,113275,279459,494.2,36859,65.2
E92000001,England,nation,2020-08-20,113226,278551,492.6,36852,65.2
E92000001,England,nation,2020-08-19,113181,277516,490.7,36844,65.2
E92000001,England,nation,2020-08-18,113123,276809,489.5,36842,65.1
E92000001,England,nation,2020-08-17,113067,275834,487.8,36835,65.1
E92000001,England,nation,2020-08-16,113021,275200,486.6,36823,65.1
E92000001,England,nation,2020-08-15,112982,274248,485.0,36819,65.1
E92000001,England,nation,2020-08-14,112944,273314,483.3,36808,65.1
E92000001,England,nation,2020-08-13,112889,272030,481.0,36802,65.1
E92000001,England,nation,2020-08-12,112829,270971,479.2,36795,65.1
E92000001,England,nation,2020-08-11,112778,270046,477.5,36789,65.1
E92000001,England,nation,2020-08-10,112715,269011,475.7,36779,65.0
E92000001,England,nation,2020-08-09,112665,268312,474.5,36768,65.0
E92000001,England,nation,2020-08-08,112612,267324,472.7,36760,65.0
E92000001,England,nation,2020-08-07,112534,266645,471.5,36749,65.0
E92000001,England,nation,2020-08-06,112474,265849,470.1,36742,65.0
E92000001,England,nation,2020-08-05,112422,265023,468.7,36733,65.0
E92000001,England,nation,2020-08-04,112362,264219,467.2,36730,65.0
E92000001,England,nation,2020-08-03,112304,263602,466.1,36720,64.9
E92000001,England,nation,2020-08-02,112230,262746,464.6,36706,64.9
E92000001,England,nation,2020-08-01,112173,262070,463.4,36698,64.9
E92000001,England,nation,2020-07-31,112123,261348,462.2,36689,64.9
E92000001,England,nation,2020-07-30,112068,260534,460.7,36679,64.9
E92000001,England,nation,2020-07-29,111993,259722,459.3,36671,64.8
E92000001,England,nation,2020-07-28,111930,259022,458.0,36663,64.8
E92000001,England,nation,2020-07-27,111861,258475,457.1,36653,64.8
E92000001,England,nation,2020-07-26,111779,257859,456.0,36643,64.8
E92000001,England,nation,2020-07-25,111715,257138,454.7,36629,64.8
E92000001,England,nation,2020-07-24,111650,256428,453.5,36616,64.7
E92000001,England,nation,2020-07-23,111557,255740,452.2,36610,64.7
E92000001,England,nation,2020-07-22,111448,255038,451.0,36594,64.7
E92000001,England,nation,2020-07-21,111366,254519,450.1,36578,64.7
E92000001,England,nation,2020-07-20,111287,254120,449.4,36559,64.6
E92000001,England,nation,2020-07-19,111201,253585,448.4,36547,64.6
E92000001,England,nation,2020-07-18,111129,252913,447.2,36533,64.6
E92000001,England,nation,2020-07-17,111081,252117,445.8,36519,64.6
E92000001,England,nation,2020-07-16,110998,251482,444.7,36501,64.5
E92000001,England,nation,2020-07-15,110884,250885,443.7,36489,64.5
E92000001,England,nation,2020-07-14,110768,250379,442.8,36469,64.5
E92000001,England,nation,2020-07-13,110646,250007,442.1,36449,64.5
E92000001,England,nation,2020-07-12,110509,249510,441.2,36427,64.4
E92000001,England,nation,2020-07-11,110437,248895,440.1,36415,64.4
E92000001,England,nation,2020-07-10,110340,248089,438.7,36395,64.4
E92000001,England,nation,2020-07-09,110236,247609,437.9,36374,64.3
E92000001,England,nation,2020-07-08,110100,246992,436.8,36339,64.3
E92000001,England,nation,2020-07-07,109959,246386,435.7,36316,64.2
E92000001,England,nation,2020-07-06,109811,245814,434.7,36290,64.2
E92000001,England,nation,2020-07-05,109661,245483,434.1,36257,64.1
E92000001,England,nation,2020-07-04,109530,244991,433.2,36233,64.1
E92000001,England,nation,2020-07-03,109410,244412,432.2,36202,64.0
E92000001,England,nation,2020-07-02,109264,243910,431.3,36176,64.0
E92000001,England,nation,2020-07-01,109115,160764,284.3,36136,63.9
E92000001,England,nation,2020-06-30,108914,160587,284.0,36114,63.9
E92000001,England,nation,2020-06-29,108725,160391,283.6,36071,63.8
E92000001,England,nation,2020-06-28,108553,160292,283.5,36037,63.7
E92000001,England,nation,2020-06-27,108398,160150,283.2,35995,63.7
E92000001,England,nation,2020-06-26,108189,159958,282.9,35956,63.6
E92000001,England,nation,2020-06-25,107941,159696,282.4,35919,63.5
E92000001,England,nation,2020-06-24,107685,159435,281.9,35861,63.4
E92000001,England,nation,2020-06-23,107423,159328,281.7,35794,63.3
E92000001,England,nation,2020-06-22,107148,159118,281.4,35733,63.2
E92000001,England,nation,2020-06-21,106830,158940,281.1,35675,63.1
E92000001,England,nation,2020-06-20,106615,158725,280.7,35628,63.0
E92000001,England,nation,2020-06-19,106431,158401,280.1,35574,62.9
E92000001,England,nation,2020-06-18,106178,158078,279.5,35527,62.8
E92000001,England,nation,2020-06-17,105866,157797,279.0,35470,62.7
E92000001,England,nation,2020-06-16,105532,157545,278.6,35416,62.6
E92000001,England,nation,2020-06-15,105178,157293,278.1,35347,62.5
E92000001,England,nation,2020-06-14,104813,157074,277.8,35286,62.4
E92000001,England,nation,2020-06-13,104507,156782,277.2,35210,62.3
E92000001,England,nation,2020-06-12,104242,156410,276.6,35158,62.2
E92000001,England,nation,2020-06-11,103944,156018,275.9,35085,62.0
E92000001,England,nation,2020-06-10,103614,155714,275.4,35014,61.9
E92000001,England,nation,2020-06-09,103212,155651,275.2,34917,61.7
E92000001,England,nation,2020-06-08,102815,155000,274.1,34832,61.6
E92000001,England,nation,2020-06-07,102467,154908,273.9,34720,61.4
E92000001,England,nation,2020-06-06,102144,154680,273.5,34607,61.2
E92000001,England,nation,2020-06-05,101838,154258,272.8,34509,61.0
E92000001,England,nation,2020-06-04,101458,153807,272.0,34400,60.8
E92000001,England,nation,2020-06-03,101000,153376,271.2,34279,60.6
E92000001,England,nation,2020-06-02,100509,152914,270.4,34141,60.4
E92000001,England,nation,2020-06-01,99956,152470,269.6,33986,60.1
E92000001,England,nation,2020-05-31,99434,152176,269.1,33865,59.9
E92000001,England,nation,2020-05-30,98988,151856,268.5,33752,59.7
E92000001,England,nation,2020-05-29,98522,151982,268.8,33607,59.4
E92000001,England,nation,2020-05-28,98023,151422,267.8,33444,59.1
E92000001,England,nation,2020-05-27,97453,150903,266.8,33262,58.8
E92000001,England,nation,2020-05-26,96864,150294,265.8,33091,58.5
E92000001,England,nation,2020-05-25,96286,149802,264.9,32902,58.2
E92000001,England,nation,2020-05-24,95788,149308,264.0,32727,57.9
E92000001,England,nation,2020-05-23,95291,148724,263.0,32558,57.6
E92000001,England,nation,2020-05-22,94787,147745,261.3,32358,57.2
E92000001,England,nation,2020-05-21,94149,146662,259.3,32163,56.9
E92000001,England,nation,2020-05-20,93434,145808,257.8,31962,56.5
E92000001,England,nation,2020-05-19,92702,145376,257.1,31728,56.1
E92000001,England,nation,2020-05-18,91950,144519,255.6,31497,55.7
E92000001,England,nation,2020-05-17,91217,143703,254.1,31244,55.3
E92000001,England,nation,2020-05-16,90544,142915,252.7,31021,54.9
E92000001,England,nation,2020-05-15,89873,141779,250.7,30753,54.4
E92000001,England,nation,2020-05-14,89135,140667,248.7,30484,53.9
E92000001,England,nation,2020-05-13,88372,139478,246.6,30207,53.4
E92000001,England,nation,2020-05-12,87568,138332,244.6,29951,53.0
E92000001,England,nation,2020-05-11,86724,137265,242.7,29676,52.5
E92000001,England,nation,2020-05-10,85858,136374,241.2,29416,52.0
E92000001,England,nation,2020-05-09,85102,135367,239.4,29116,51.5
E92000001,England,nation,2020-05-08,84304,134018,237.0,28786,50.9
E92000001,England,nation,2020-05-07,83561,132324,234.0,28456,50.3
E92000001,England,nation,2020-05-06,82563,130191,230.2,28057,49.6
E92000001,England,nation,2020-05-05,81523,128580,227.4,27667,48.9
E92000001,England,nation,2020-05-04,80564,126738,224.1,27275,48.2
E92000001,England,nation,2020-05-03,79501,125253,221.5,26863,47.5
E92000001,England,nation,2020-05-02,78457,123234,217.9,26475,46.8
E92000001,England,nation,2020-05-01,77477,121006,214.0,26051,46.1
E92000001,England,nation,2020-04-30,76396,118343,209.3,25572,45.2
E92000001,England,nation,2020-04-29,75169,115859,204.9,25088,44.4
E92000001,England,nation,2020-04-28,73874,114456,202.4,24594,43.5
E92000001,England,nation,2020-04-27,72578,112467,198.9,24095,42.6
E92000001,England,nation,2020-04-26,71234,110203,194.9,23590,41.7
E92000001,England,nation,2020-04-25,70026,108051,191.1,23030,40.7
E92000001,England,nation,2020-04-24,68946,105225,186.1,22475,39.7
E92000001,England,nation,2020-04-23,67669,102221,180.8,21872,38.7
E92000001,England,nation,2020-04-22,66380,99137,175.3,21277,37.6
E92000001,England,nation,2020-04-21,65070,96117,170.0,20634,36.5
E92000001,England,nation,2020-04-20,63575,93030,164.5,19983,35.3
E92000001,England,nation,2020-04-19,62053,90629,160.3,19298,34.1
E92000001,England,nation,2020-04-18,60578,87022,153.9,18611,32.9
E92000001,England,nation,2020-04-17,59167,83474,147.6,17905,31.7
E92000001,England,nation,2020-04-16,57493,79489,140.6,17163,30.4
E92000001,England,nation,2020-04-15,55716,76371,135.1,16408,29.0
E92000001,England,nation,2020-04-14,54108,73183,129.4,15626,27.6
E92000001,England,nation,2020-04-13,52249,69329,122.6,14858,26.3
E92000001,England,nation,2020-04-12,50337,66330,117.3,14053,24.9
E92000001,England,nation,2020-04-11,48546,62658,110.8,13196,23.3
E92000001,England,nation,2020-04-10,46591,58817,104.0,12332,21.8
E92000001,England,nation,2020-04-09,44395,54554,96.5,11482,20.3
E92000001,England,nation,2020-04-08,42055,50756,89.8,10608,18.8
E92000001,England,nation,2020-04-07,39436,45968,81.3,9632,17.0
E92000001,England,nation,2020-04-06,36692,42990,76.0,8722,15.4
E92000001,England,nation,2020-04-05,34013,39814,70.4,7916,14.0
E92000001,England,nation,2020-04-04,31421,34707,61.4,7087,12.5
E92000001,England,nation,2020-04-03,28828,31797,56.2,6249,11.1
E92000001,England,nation,2020-04-02,26264,28221,49.9,5506,9.7
E92000001,England,nation,2020-04-01,23332,24638,43.6,4774,8.4
E92000001,England,nation,2020-03-31,20233,21008,37.1,4076,7.2
E92000001,England,nation,2020-03-30,17786,18594,32.9,3473,6.1
E92000001,England,nation,2020-03-29,14969,16487,29.2,2932,5.2
E92000001,England,nation,2020-03-28,12783,14427,25.5,2468,4.4
E92000001,England,nation,2020-03-27,10910,12288,21.7,2084,3.7
E92000001,England,nation,2020-03-26,8979,9782,17.3,1710,3.0
E92000001,England,nation,2020-03-25,7340,7973,14.1,1373,2.4
E92000001,England,nation,2020-03-24,5585,6843,12.1,1095,1.9
E92000001,England,nation,2020-03-23,4041,5585,9.9,876,1.5
E92000001,England,nation,2020-03-22,2913,4792,8.5,703,1.2
E92000001,England,nation,2020-03-21,2054,4257,7.5,550,1.0
E92000001,England,nation,2020-03-20,1277,3384,6.0,434,0.8
E92000001,England,nation,2020-03-19,586,2756,4.9,332,0.6
E92000001,England,nation,2020-03-18,,2182,3.9,265,0.5
E92000001,England,nation,2020-03-17,,1557,2.8,198,0.4
E92000001,England,nation,2020-03-16,,1196,2.1,148,0.3
E92000001,England,nation,2020-03-15,,1099,1.9,105,0.2
E92000001,England,nation,2020-03-14,,846,1.5,73,0.1
E92000001,England,nation,2020-03-13,,645,1.1,53,0.1
E92000001,England,nation,2020-03-12,,486,0.9,37,0.1
E92000001,England,nation,2020-03-11,,387,0.7,25,
E92000001,England,nation,2020-03-10,,324,0.6,17,
E92000001,England,nation,2020-03-09,,282,0.5,14,
E92000001,England,nation,2020-03-08,,241,0.4,9,
E92000001,England,nation,2020-03-07,,183,0.3,6,
E92000001,England,nation,2020-03-06,,144,0.3,6,
E92000001,England,nation,2020-03-05,,105,0.2,6,
E92000001,England,nation,2020-03-04,,80,0.1,3,
E92000001,England,nation,2020-03-03,,48,0.1,3,
E92000001,England,nation,2020-03-02,,37,0.1,1,
E92000001,England,nation,2020-03-01,,33,0.1,,
E92000001,England,nation,2020-02-29,,21,,,
E92000001,England,nation,2020-02-28,,18,,,
E92000001,England,nation,2020-02-27,,13,,,
E92000001,England,nation,2020-02-26,,13,,,
E92000001,England,nation,2020-02-25,,13,,,
E92000001,England,nation,2020-02-24,,13,,,
E92000001,England,nation,2020-02-23,,9,,,
E92000001,England,nation,2020-02-22,,9,,,
E92000001,England,nation,2020-02-21,,9,,,
E92000001,England,nation,2020-02-20,,9,,,
E92000001,England,nation,2020-02-19,,9,,,
E92000001,England,nation,2020-02-18,,9,,,
E92000001,England,nation,2020-02-17,,9,,,
E92000001,England,nation,2020-02-16,,9,,,
E92000001,England,nation,2020-02-15,,9,,,
E92000001,England,nation,2020-02-14,,9,,,
E92000001,England,nation,2020-02-13,,9,,,
E92000001,England,nation,2020-02-12,,8,,,
E92000001,England,nation,2020-02-11,,8,,,
E92000001,England,nation,2020-02-10,,8,,,
E92000001,England,nation,2020-02-09,,4,,,
E92000001,England,nation,2020-02-08,,3,,,
E92000001,England,nation,2020-02-07,,3,,,
E92000001,England,nation,2020-02-06,,3,,,
E92000001,England,nation,2020-02-05,,2,,,
E92000001,England,nation,2020-02-04,,2,,,
E92000001,England,nation,2020-02-03,,2,,,
E92000001,England,nation,2020-02-02,,2,,,
E92000001,England,nation,2020-02-01,,2,,,
E92000001,England,nation,2020-01-31,,2,,,
